CREATE DATABASE  IF NOT EXISTS `dgt` /*!40100 DEFAULT CHARACTER SET utf8 */;
USE `dgt`;
-- MySQL dump 10.13  Distrib 8.0.12, for Win64 (x86_64)
--
-- Host: localhost    Database: dgt
-- ------------------------------------------------------
-- Server version	8.0.12

/*!40101 SET @OLD_CHARACTER_SET_CLIENT=@@CHARACTER_SET_CLIENT */;
/*!40101 SET @OLD_CHARACTER_SET_RESULTS=@@CHARACTER_SET_RESULTS */;
/*!40101 SET @OLD_COLLATION_CONNECTION=@@COLLATION_CONNECTION */;
 SET NAMES utf8 ;
/*!40103 SET @OLD_TIME_ZONE=@@TIME_ZONE */;
/*!40103 SET TIME_ZONE='+00:00' */;
/*!40014 SET @OLD_UNIQUE_CHECKS=@@UNIQUE_CHECKS, UNIQUE_CHECKS=0 */;
/*!40014 SET @OLD_FOREIGN_KEY_CHECKS=@@FOREIGN_KEY_CHECKS, FOREIGN_KEY_CHECKS=0 */;
/*!40101 SET @OLD_SQL_MODE=@@SQL_MODE, SQL_MODE='NO_AUTO_VALUE_ON_ZERO' */;
/*!40111 SET @OLD_SQL_NOTES=@@SQL_NOTES, SQL_NOTES=0 */;

--
-- Table structure for table `agente`
--

DROP TABLE IF EXISTS `agente`;
/*!40101 SET @saved_cs_client     = @@character_set_client */;
 SET character_set_client = utf8mb4 ;
CREATE TABLE `agente` (
  `id` int(11) NOT NULL AUTO_INCREMENT,
  `nombre` varchar(45) NOT NULL,
  `placa` varchar(45) NOT NULL,
  `id_departamento` int(11) DEFAULT NULL,
  PRIMARY KEY (`id`),
  KEY `fk_agente_departamento_idx` (`id_departamento`),
  CONSTRAINT `fk_agente_departamento` FOREIGN KEY (`id_departamento`) REFERENCES `departamento` (`id`)
) ENGINE=InnoDB AUTO_INCREMENT=6 DEFAULT CHARSET=utf8;
/*!40101 SET character_set_client = @saved_cs_client */;

--
-- Dumping data for table `agente`
--

LOCK TABLES `agente` WRITE;
/*!40000 ALTER TABLE `agente` DISABLE KEYS */;
INSERT INTO `agente` VALUES (1,'Majonei','1234',39),(2,'Jonny Walker','4321',36),(3,'Monk','7890',38),(4,'Takel Berry','0987',37),(5,'Tontini','5678',37);
/*!40000 ALTER TABLE `agente` ENABLE KEYS */;
UNLOCK TABLES;

--
-- Table structure for table `coche`
--

DROP TABLE IF EXISTS `coche`;
/*!40101 SET @saved_cs_client     = @@character_set_client */;
 SET character_set_client = utf8mb4 ;
CREATE TABLE `coche` (
  `id` int(11) NOT NULL AUTO_INCREMENT,
  `matricula` varchar(10) NOT NULL,
  `modelo` varchar(45) NOT NULL DEFAULT 'cuatro latas',
  `km` int(11) NOT NULL DEFAULT '0',
  PRIMARY KEY (`id`),
  UNIQUE KEY `maticula_UNIQUE` (`matricula`)
) ENGINE=InnoDB AUTO_INCREMENT=8 DEFAULT CHARSET=utf8;
/*!40101 SET character_set_client = @saved_cs_client */;

--
-- Dumping data for table `coche`
--

LOCK TABLES `coche` WRITE;
/*!40000 ALTER TABLE `coche` DISABLE KEYS */;
INSERT INTO `coche` VALUES (1,'3548MKZ','toyota yaris',500),(3,'9605EFH','Fiat Multipla',800),(4,'5674MBD','GRT',1800),(6,'BI0020AZ','flagoneta',47500);
/*!40000 ALTER TABLE `coche` ENABLE KEYS */;
UNLOCK TABLES;

--
-- Table structure for table `departamento`
--

DROP TABLE IF EXISTS `departamento`;
/*!40101 SET @saved_cs_client     = @@character_set_client */;
 SET character_set_client = utf8mb4 ;
CREATE TABLE `departamento` (
  `id` int(11) NOT NULL AUTO_INCREMENT,
  `nombre` varchar(45) NOT NULL,
  PRIMARY KEY (`id`)
) ENGINE=InnoDB AUTO_INCREMENT=40 DEFAULT CHARSET=utf8;
/*!40101 SET character_set_client = @saved_cs_client */;

--
-- Dumping data for table `departamento`
--

LOCK TABLES `departamento` WRITE;
/*!40000 ALTER TABLE `departamento` DISABLE KEYS */;
INSERT INTO `departamento` VALUES (1,'IT'),(2,'DEV'),(31,'VENTAS'),(33,'Ingeniería'),(34,'Producción'),(35,'Mercadeo'),(36,'Alcoholemia'),(37,'Oficinistas'),(38,'Fealdad'),(39,'Velocidad');
/*!40000 ALTER TABLE `departamento` ENABLE KEYS */;
UNLOCK TABLES;

--
-- Table structure for table `empleado`
--

DROP TABLE IF EXISTS `empleado`;
/*!40101 SET @saved_cs_client     = @@character_set_client */;
 SET character_set_client = utf8mb4 ;
CREATE TABLE `empleado` (
  `id` int(11) NOT NULL AUTO_INCREMENT,
  `apellido` varchar(45) CHARACTER SET ucs2 COLLATE ucs2_general_ci NOT NULL,
  `id_departamento` int(11) DEFAULT NULL,
  PRIMARY KEY (`id`),
  KEY `fk_depar_emple_idx` (`id_departamento`),
  CONSTRAINT `fk_depar_emple` FOREIGN KEY (`id_departamento`) REFERENCES `departamento` (`id`)
) ENGINE=InnoDB AUTO_INCREMENT=13 DEFAULT CHARSET=utf8;
/*!40101 SET character_set_client = @saved_cs_client */;

--
-- Dumping data for table `empleado`
--

LOCK TABLES `empleado` WRITE;
/*!40000 ALTER TABLE `empleado` DISABLE KEYS */;
INSERT INTO `empleado` VALUES (2,'Daniel',2),(3,'Manolo',2),(4,'Pepe',1),(6,'Andrade',31),(7,'Jordán',33),(8,'Steinberg',33),(9,'Róbinson',34),(10,'Zolano',34),(12,'Gaspar',NULL);
/*!40000 ALTER TABLE `empleado` ENABLE KEYS */;
UNLOCK TABLES;

--
-- Table structure for table `multa`
--

DROP TABLE IF EXISTS `multa`;
/*!40101 SET @saved_cs_client     = @@character_set_client */;
 SET character_set_client = utf8mb4 ;
CREATE TABLE `multa` (
  `id` int(11) NOT NULL AUTO_INCREMENT,
  `importe` float NOT NULL DEFAULT '50',
  `concepto` varchar(255) NOT NULL,
  `fecha` datetime NOT NULL DEFAULT CURRENT_TIMESTAMP,
  `id_coche` int(11) NOT NULL,
  `id_agente` int(11) NOT NULL,
  PRIMARY KEY (`id`),
  KEY `fk_multas_coches_idx` (`id_coche`),
  KEY `fk_multas_agentes_idx` (`id_agente`),
  CONSTRAINT `fk_multas_agentes` FOREIGN KEY (`id_agente`) REFERENCES `agente` (`id`),
  CONSTRAINT `fk_multas_coches` FOREIGN KEY (`id_coche`) REFERENCES `coche` (`id`)
) ENGINE=InnoDB AUTO_INCREMENT=7 DEFAULT CHARSET=utf8;
/*!40101 SET character_set_client = @saved_cs_client */;

--
-- Dumping data for table `multa`
--

LOCK TABLES `multa` WRITE;
/*!40000 ALTER TABLE `multa` DISABLE KEYS */;
INSERT INTO `multa` VALUES (1,200,'por feo','2019-01-07 10:36:52',3,3),(2,500,'exceso velocidad 240km/h','2019-01-07 10:38:46',6,1),(3,700,'por empinar codo 8.0','2018-12-31 22:40:52',1,2),(4,700,'por empinar codo 8.0','2019-01-07 10:41:55',1,2),(5,1400,'por ir a200k/h en zona de 30km/h','2019-01-07 12:40:21',1,1),(6,200,'por no cambiar el coche (feo)','2019-01-07 12:40:40',3,3);
/*!40000 ALTER TABLE `multa` ENABLE KEYS */;
UNLOCK TABLES;

--
-- Dumping routines for database 'dgt'
--
/*!40103 SET TIME_ZONE=@OLD_TIME_ZONE */;

/*!40101 SET SQL_MODE=@OLD_SQL_MODE */;
/*!40014 SET FOREIGN_KEY_CHECKS=@OLD_FOREIGN_KEY_CHECKS */;
/*!40014 SET UNIQUE_CHECKS=@OLD_UNIQUE_CHECKS */;
/*!40101 SET CHARACTER_SET_CLIENT=@OLD_CHARACTER_SET_CLIENT */;
/*!40101 SET CHARACTER_SET_RESULTS=@OLD_CHARACTER_SET_RESULTS */;
/*!40101 SET COLLATION_CONNECTION=@OLD_COLLATION_CONNECTION */;
/*!40111 SET SQL_NOTES=@OLD_SQL_NOTES */;

-- Dump completed on 2019-01-08 14:10:21
